{
  "gauges": {
    "N": {
      "value": 50.15,
      "units": "PSI",
      "min": 0.0,
      "max": 200.0,
      "needle_deg": -59.82,
      "seed": 15106
    },
    "E": {
      "value": 83.69,
      "units": "PSI",
      "min": 0.0,
      "max": 200.0,
      "needle_deg": -19.57,
      "seed": 4714
    },
    "W": {
      "value": 73.51,
      "units": "\u00b0C",
      "min": -20.0,
      "max": 120.0,
      "needle_deg": 40.3,
      "seed": 45497
    }
  },
  "pose": {
    "x": 2.437789837618296e-15,
    "y": 4.605676817893961,
    "z": 0.92,
    "yaw": 1.5707963267948963
  }
}