{
  "gauges": {
    "N": {
      "value": 15.24,
      "units": "V",
      "min": 0.0,
      "max": 30.0,
      "needle_deg": 1.9,
      "seed": 121450
    },
    "E": {
      "value": 13.57,
      "units": "V",
      "min": 0.0,
      "max": 30.0,
      "needle_deg": -11.43,
      "seed": 127746
    },
    "W": {
      "value": 73.4,
      "units": "PSI",
      "min": 0.0,
      "max": 200.0,
      "needle_deg": -31.92,
      "seed": 86225
    }
  },
  "pose": {
    "x": 2.8670882055587992e-15,
    "y": 6.12114913463592,
    "z": 0.92,
    "yaw": 1.5707963267948963
  }
}