{
  "gauges": {
    "N": {
      "value": 9.14,
      "units": "BAR",
      "min": 0.0,
      "max": 20.0,
      "needle_deg": -10.34,
      "seed": 62698
    },
    "E": {
      "value": 97.39,
      "units": "\u00b0C",
      "min": -20.0,
      "max": 120.0,
      "needle_deg": 81.24,
      "seed": 56706
    },
    "W": {
      "value": 142.68,
      "units": "PSI",
      "min": 0.0,
      "max": 200.0,
      "needle_deg": 51.21,
      "seed": 32337
    }
  },
  "pose": {
    "x": 9.916460307937555,
    "y": 4.902694612786789,
    "z": 0.92,
    "yaw": 1.452959255376143
  }
}