{
  "gauges": {
    "N": {
      "value": 5.24,
      "units": "BAR",
      "min": 0.0,
      "max": 20.0,
      "needle_deg": -57.17,
      "seed": 622793
    },
    "E": {
      "value": 176.9,
      "units": "PSI",
      "min": 0.0,
      "max": 200.0,
      "needle_deg": 92.29,
      "seed": 633249
    },
    "W": {
      "value": 26.9,
      "units": "\u00b0C",
      "min": -20.0,
      "max": 120.0,
      "needle_deg": -39.61,
      "seed": 592498
    }
  },
  "pose": {
    "x": 2.4616400242313244e-15,
    "y": 4.6898707032203575,
    "z": 0.92,
    "yaw": 1.5707963267948963
  }
}