{
  "gauges": {
    "N": {
      "value": 8.83,
      "units": "BAR",
      "min": 0.0,
      "max": 20.0,
      "needle_deg": -14.1,
      "seed": 708919
    },
    "E": {
      "value": 95.8,
      "units": "PSI",
      "min": 0.0,
      "max": 200.0,
      "needle_deg": -5.03,
      "seed": 718943
    },
    "W": {
      "value": 59.74,
      "units": "\u00b0C",
      "min": -20.0,
      "max": 120.0,
      "needle_deg": 16.7,
      "seed": 678796
    }
  },
  "pose": {
    "x": 1.6458143685021598e-15,
    "y": 1.8099128723144537,
    "z": 0.92,
    "yaw": 1.5707963267948963
  }
}