{
  "gauges": {
    "N": {
      "value": 85.08,
      "units": "PSI",
      "min": 0.0,
      "max": 200.0,
      "needle_deg": -17.9,
      "seed": 869920
    },
    "E": {
      "value": 25.39,
      "units": "V",
      "min": 0.0,
      "max": 30.0,
      "needle_deg": 83.13,
      "seed": 880456
    },
    "W": {
      "value": 6.54,
      "units": "BAR",
      "min": 0.0,
      "max": 20.0,
      "needle_deg": -41.56,
      "seed": 904347
    }
  },
  "pose": {
    "x": 3.0409281234385913e-15,
    "y": 6.734823918342577,
    "z": 0.92,
    "yaw": 1.5707963267948963
  }
}