{
  "gauges": {
    "N": {
      "value": 28.64,
      "units": "PSI",
      "min": 0.0,
      "max": 200.0,
      "needle_deg": -85.63,
      "seed": 327379
    },
    "E": {
      "value": 37.25,
      "units": "\u00b0C",
      "min": -20.0,
      "max": 120.0,
      "needle_deg": -21.86,
      "seed": 317371
    },
    "W": {
      "value": 16.88,
      "units": "\u00b0C",
      "min": -20.0,
      "max": 120.0,
      "needle_deg": -56.78,
      "seed": 291944
    }
  },
  "pose": {
    "x": -4.697987745067859,
    "y": -3.7562321568419974,
    "z": 0.92,
    "yaw": -2.4034339904785194
  }
}