{
  "gauges": {
    "N": {
      "value": 8.98,
      "units": "V",
      "min": 0.0,
      "max": 30.0,
      "needle_deg": -48.13,
      "seed": 1000667
    },
    "E": {
      "value": 92.98,
      "units": "\u00b0C",
      "min": -20.0,
      "max": 120.0,
      "needle_deg": 73.68,
      "seed": 1011123
    },
    "W": {
      "value": 103.54,
      "units": "\u00b0C",
      "min": -20.0,
      "max": 120.0,
      "needle_deg": 91.79,
      "seed": 1035872
    }
  },
  "pose": {
    "x": 2.5983392551792332e-15,
    "y": 5.172434616088874,
    "z": 0.92,
    "yaw": 1.5707963267948963
  }
}