{
  "gauges": {
    "N": {
      "value": -4.58,
      "units": "\u00b0C",
      "min": -20.0,
      "max": 120.0,
      "needle_deg": -93.56,
      "seed": 651813
    },
    "E": {
      "value": 47.77,
      "units": "PSI",
      "min": 0.0,
      "max": 200.0,
      "needle_deg": -62.68,
      "seed": 645965
    },
    "W": {
      "value": 27.57,
      "units": "\u00b0C",
      "min": -20.0,
      "max": 120.0,
      "needle_deg": -38.45,
      "seed": 620702
    }
  },
  "pose": {
    "x": 7.302318920465103,
    "y": -5.613070957383043,
    "z": 0.92,
    "yaw": 2.34274245500958
  }
}