{
  "gauges": {
    "N": {
      "value": 132.29,
      "units": "PSI",
      "min": 0.0,
      "max": 200.0,
      "needle_deg": 38.75,
      "seed": 697063
    },
    "E": {
      "value": 101.47,
      "units": "PSI",
      "min": 0.0,
      "max": 200.0,
      "needle_deg": 1.76,
      "seed": 685439
    },
    "W": {
      "value": 5.18,
      "units": "BAR",
      "min": 0.0,
      "max": 20.0,
      "needle_deg": -57.86,
      "seed": 670575
    }
  },
  "pose": {
    "x": 0.9121166631207296,
    "y": -3.1234353647781283,
    "z": 0.92,
    "yaw": -0.06655184171316089
  }
}