{
  "gauges": {
    "N": {
      "value": 8.01,
      "units": "V",
      "min": 0.0,
      "max": 30.0,
      "needle_deg": -55.89,
      "seed": 507012
    },
    "E": {
      "value": 20.6,
      "units": "\u00b0C",
      "min": -20.0,
      "max": 120.0,
      "needle_deg": -50.41,
      "seed": 497132
    },
    "W": {
      "value": 15.5,
      "units": "V",
      "min": 0.0,
      "max": 30.0,
      "needle_deg": 4.0,
      "seed": 472639
    }
  },
  "pose": {
    "x": 2.441335059808131,
    "y": 3.0665294107320156,
    "z": 0.92,
    "yaw": -0.8441495656967158
  }
}