{
  "gauges": {
    "N": {
      "value": 14.27,
      "units": "BAR",
      "min": 0.0,
      "max": 20.0,
      "needle_deg": 51.3,
      "seed": 462704
    },
    "E": {
      "value": 13.43,
      "units": "V",
      "min": 0.0,
      "max": 30.0,
      "needle_deg": -12.59,
      "seed": 468504
    },
    "W": {
      "value": 3.84,
      "units": "V",
      "min": 0.0,
      "max": 30.0,
      "needle_deg": -89.26,
      "seed": 493003
    }
  },
  "pose": {
    "x": 0.02999510165146563,
    "y": 5.331090408285919,
    "z": 0.92,
    "yaw": 1.6711705247547965
  }
}