{
  "gauges": {
    "N": {
      "value": 43.36,
      "units": "\u00b0C",
      "min": -20.0,
      "max": 120.0,
      "needle_deg": -11.38,
      "seed": 267121
    },
    "E": {
      "value": 3.51,
      "units": "V",
      "min": 0.0,
      "max": 30.0,
      "needle_deg": -91.89,
      "seed": 277017
    },
    "W": {
      "value": 56.47,
      "units": "\u00b0C",
      "min": -20.0,
      "max": 120.0,
      "needle_deg": 11.09,
      "seed": 301514
    }
  },
  "pose": {
    "x": 5.051275087255459,
    "y": 3.7536687984086696,
    "z": 0.92,
    "yaw": 0.9322941676762393
  }
}