{
  "gauges": {
    "N": {
      "value": 23.29,
      "units": "V",
      "min": 0.0,
      "max": 30.0,
      "needle_deg": 66.29,
      "seed": 305586
    },
    "E": {
      "value": 4.03,
      "units": "V",
      "min": 0.0,
      "max": 30.0,
      "needle_deg": -87.75,
      "seed": 295130
    },
    "W": {
      "value": 99.79,
      "units": "PSI",
      "min": 0.0,
      "max": 200.0,
      "needle_deg": -0.25,
      "seed": 271113
    }
  },
  "pose": {
    "x": 3.5587397430645233,
    "y": 3.8699056419435762,
    "z": 0.92,
    "yaw": 0.9128271500216888
  }
}