{
  "gauges": {
    "N": {
      "value": 22.28,
      "units": "V",
      "min": 0.0,
      "max": 30.0,
      "needle_deg": 58.28,
      "seed": 557114
    },
    "E": {
      "value": 51.1,
      "units": "\u00b0C",
      "min": -20.0,
      "max": 120.0,
      "needle_deg": 1.88,
      "seed": 567634
    },
    "W": {
      "value": 23.64,
      "units": "V",
      "min": 0.0,
      "max": 30.0,
      "needle_deg": 69.09,
      "seed": 526977
    }
  },
  "pose": {
    "x": 2.5529570729703296e-15,
    "y": 5.012230324745148,
    "z": 0.92,
    "yaw": 1.5707963267948963
  }
}