{
  "gauges": {
    "N": {
      "value": 7.04,
      "units": "BAR",
      "min": 0.0,
      "max": 20.0,
      "needle_deg": -35.56,
      "seed": 89147
    },
    "E": {
      "value": 5.58,
      "units": "\u00b0C",
      "min": -20.0,
      "max": 120.0,
      "needle_deg": -76.15,
      "seed": 95571
    },
    "W": {
      "value": 60.38,
      "units": "\u00b0C",
      "min": -20.0,
      "max": 120.0,
      "needle_deg": 17.79,
      "seed": 120448
    }
  },
  "pose": {
    "x": 2.423192670197411e-15,
    "y": 4.554147148132332,
    "z": 0.92,
    "yaw": 1.5707963267948963
  }
}