{
  "gauges": {
    "N": {
      "value": 13.99,
      "units": "V",
      "min": 0.0,
      "max": 30.0,
      "needle_deg": -8.05,
      "seed": 187762
    },
    "E": {
      "value": 117.06,
      "units": "PSI",
      "min": 0.0,
      "max": 200.0,
      "needle_deg": 20.47,
      "seed": 193562
    },
    "W": {
      "value": 50.06,
      "units": "PSI",
      "min": 0.0,
      "max": 200.0,
      "needle_deg": -59.92,
      "seed": 153545
    }
  },
  "pose": {
    "x": -3.0681059190723072,
    "y": -1.8030985579751588,
    "z": 0.92,
    "yaw": -2.483651057873866
  }
}