{
  "gauges": {
    "N": {
      "value": 6.67,
      "units": "BAR",
      "min": 0.0,
      "max": 20.0,
      "needle_deg": -40.01,
      "seed": 479065
    },
    "E": {
      "value": 40.9,
      "units": "PSI",
      "min": 0.0,
      "max": 200.0,
      "needle_deg": -70.92,
      "seed": 484913
    },
    "W": {
      "value": 14.85,
      "units": "BAR",
      "min": 0.0,
      "max": 20.0,
      "needle_deg": 58.2,
      "seed": 509410
    }
  },
  "pose": {
    "x": -6.317638343312161,
    "y": 0.12622545616558142,
    "z": 0.92,
    "yaw": 0.8604278007932473
  }
}