{
  "gauges": {
    "N": {
      "value": 12.44,
      "units": "V",
      "min": 0.0,
      "max": 30.0,
      "needle_deg": -20.44,
      "seed": 880721
    },
    "E": {
      "value": 5.47,
      "units": "BAR",
      "min": 0.0,
      "max": 20.0,
      "needle_deg": -54.35,
      "seed": 874809
    },
    "W": {
      "value": 45.13,
      "units": "\u00b0C",
      "min": -20.0,
      "max": 120.0,
      "needle_deg": -8.34,
      "seed": 916202
    }
  },
  "pose": {
    "x": 2.5685213037205804e-15,
    "y": 5.067173838615408,
    "z": 0.92,
    "yaw": 1.5707963267948963
  }
}