{
  "gauges": {
    "N": {
      "value": 120.55,
      "units": "PSI",
      "min": 0.0,
      "max": 200.0,
      "needle_deg": 24.66,
      "seed": 97766
    },
    "E": {
      "value": 12.74,
      "units": "BAR",
      "min": 0.0,
      "max": 20.0,
      "needle_deg": 32.88,
      "seed": 87182
    },
    "W": {
      "value": 94.91,
      "units": "\u00b0C",
      "min": -20.0,
      "max": 120.0,
      "needle_deg": 76.98,
      "seed": 128861
    }
  },
  "pose": {
    "x": 2.7648723327685676e-15,
    "y": 5.760315418243409,
    "z": 0.92,
    "yaw": 1.5707963267948963
  }
}