{
  "gauges": {
    "N": {
      "value": 10.28,
      "units": "BAR",
      "min": 0.0,
      "max": 20.0,
      "needle_deg": 3.34,
      "seed": 281111
    },
    "E": {
      "value": 22.04,
      "units": "V",
      "min": 0.0,
      "max": 30.0,
      "needle_deg": 56.32,
      "seed": 287615
    },
    "W": {
      "value": 32.64,
      "units": "\u00b0C",
      "min": -20.0,
      "max": 120.0,
      "needle_deg": -29.76,
      "seed": 311468
    }
  },
  "pose": {
    "x": 2.611838145498774e-15,
    "y": 5.220087242126465,
    "z": 0.92,
    "yaw": 1.5707963267948963
  }
}