{
  "gauges": {
    "N": {
      "value": 16.67,
      "units": "BAR",
      "min": 0.0,
      "max": 20.0,
      "needle_deg": 80.08,
      "seed": 265632
    },
    "E": {
      "value": 7.91,
      "units": "V",
      "min": 0.0,
      "max": 30.0,
      "needle_deg": -56.68,
      "seed": 271560
    },
    "W": {
      "value": 9.07,
      "units": "BAR",
      "min": 0.0,
      "max": 20.0,
      "needle_deg": -11.13,
      "seed": 296731
    }
  },
  "pose": {
    "x": 2.612916282623357e-15,
    "y": 5.223893189430225,
    "z": 0.92,
    "yaw": 1.5707963267948963
  }
}