{
  "gauges": {
    "N": {
      "value": 140.31,
      "units": "PSI",
      "min": 0.0,
      "max": 200.0,
      "needle_deg": 48.38,
      "seed": 528680
    },
    "E": {
      "value": 25.59,
      "units": "V",
      "min": 0.0,
      "max": 30.0,
      "needle_deg": 84.72,
      "seed": 575152
    },
    "W": {
      "value": 18.2,
      "units": "V",
      "min": 0.0,
      "max": 30.0,
      "needle_deg": 25.63,
      "seed": 559264
    }
  },
  "pose": {
    "x": 2.2647649404266452e-15,
    "y": 3.9948791503906254,
    "z": 0.92,
    "yaw": 1.5707963267948963
  }
}