{
  "gauges": {
    "N": {
      "value": 170.49,
      "units": "PSI",
      "min": 0.0,
      "max": 200.0,
      "needle_deg": 84.59,
      "seed": 638235
    },
    "E": {
      "value": 151.78,
      "units": "PSI",
      "min": 0.0,
      "max": 200.0,
      "needle_deg": 62.13,
      "seed": 627827
    },
    "W": {
      "value": 4.8,
      "units": "BAR",
      "min": 0.0,
      "max": 20.0,
      "needle_deg": -62.45,
      "seed": 604064
    }
  },
  "pose": {
    "x": 2.52511491941675e-15,
    "y": 4.913944339752188,
    "z": 0.92,
    "yaw": 1.5707963267948963
  }
}