{
  "gauges": {
    "N": {
      "value": 79.97,
      "units": "PSI",
      "min": 0.0,
      "max": 200.0,
      "needle_deg": -24.04,
      "seed": 769873
    },
    "E": {
      "value": 156.67,
      "units": "PSI",
      "min": 0.0,
      "max": 200.0,
      "needle_deg": 68.0,
      "seed": 759353
    },
    "W": {
      "value": 57.12,
      "units": "\u00b0C",
      "min": -20.0,
      "max": 120.0,
      "needle_deg": 12.21,
      "seed": 734698
    }
  },
  "pose": {
    "x": -6.065640253448054,
    "y": 0.7061623016757642,
    "z": 0.92,
    "yaw": -0.19757827920369359
  }
}