{
  "gauges": {
    "N": {
      "value": 33.9,
      "units": "\u00b0C",
      "min": -20.0,
      "max": 120.0,
      "needle_deg": -27.6,
      "seed": 359423
    },
    "E": {
      "value": 65.47,
      "units": "\u00b0C",
      "min": -20.0,
      "max": 120.0,
      "needle_deg": 26.51,
      "seed": 348823
    },
    "W": {
      "value": 140.98,
      "units": "PSI",
      "min": 0.0,
      "max": 200.0,
      "needle_deg": 49.18,
      "seed": 389444
    }
  },
  "pose": {
    "x": -0.5980422941800655,
    "y": -3.201512808143795,
    "z": 0.92,
    "yaw": 2.90321143070725
  }
}