{
  "gauges": {
    "N": {
      "value": 5.37,
      "units": "BAR",
      "min": 0.0,
      "max": 20.0,
      "needle_deg": -55.55,
      "seed": 243540
    },
    "E": {
      "value": 22.81,
      "units": "V",
      "min": 0.0,
      "max": 30.0,
      "needle_deg": 62.49,
      "seed": 237116
    },
    "W": {
      "value": 80.34,
      "units": "\u00b0C",
      "min": -20.0,
      "max": 120.0,
      "needle_deg": 52.02,
      "seed": 212463
    }
  },
  "pose": {
    "x": 2.5398432074064727e-15,
    "y": 4.965936880111693,
    "z": 0.92,
    "yaw": 1.5707963267948963
  }
}