{
  "gauges": {
    "N": {
      "value": 15.37,
      "units": "BAR",
      "min": 0.0,
      "max": 20.0,
      "needle_deg": 64.46,
      "seed": 87054
    },
    "E": {
      "value": 6.4,
      "units": "BAR",
      "min": 0.0,
      "max": 20.0,
      "needle_deg": -43.22,
      "seed": 97638
    },
    "W": {
      "value": 27.35,
      "units": "PSI",
      "min": 0.0,
      "max": 200.0,
      "needle_deg": -87.18,
      "seed": 122549
    }
  },
  "pose": {
    "x": 2.432158579905717e-15,
    "y": 4.5857978343963675,
    "z": 0.92,
    "yaw": 1.5707963267948963
  }
}